"Readmission_Rate","COPD_L","COPD_H","AMI_L","AMI_H","PNE_L","PNE_H","HF_L","HF_H","HIP_L","HIP_H"
0.01,NA,NA,NA,NA,NA,NA,NA,NA,NA,NA
0.011,NA,NA,NA,NA,NA,NA,NA,NA,NA,NA
0.012,NA,NA,NA,NA,NA,NA,NA,NA,NA,NA
0.013,NA,NA,NA,NA,NA,NA,NA,NA,NA,NA
0.014,NA,NA,NA,NA,NA,NA,NA,NA,NA,NA
0.015,NA,NA,NA,NA,NA,NA,NA,NA,NA,NA
0.016,NA,NA,NA,NA,NA,NA,NA,NA,NA,NA
0.017,NA,NA,NA,NA,NA,NA,NA,NA,NA,NA
0.018,NA,NA,NA,NA,NA,NA,NA,NA,1.07435045498397,1.22943574029321
0.019,NA,NA,NA,NA,NA,NA,NA,NA,1.06906564451767,1.21150751660381
0.02,NA,NA,NA,NA,NA,NA,NA,NA,1.06384498241277,1.19425570248118
0.021,NA,NA,NA,NA,NA,NA,NA,NA,1.05868482661305,1.17768824089505
0.022,NA,NA,NA,NA,NA,NA,NA,NA,1.05358069112406,1.16181391875339
0.023,NA,NA,NA,NA,NA,NA,NA,NA,1.04852708941472,1.14664252350077
0.024,NA,NA,NA,NA,NA,NA,NA,NA,1.04351737561278,1.13218500192298
0.025,NA,NA,NA,NA,NA,NA,NA,NA,1.03854361567126,1.11845358898048
0.026,NA,NA,NA,NA,NA,NA,NA,NA,1.03359655343924,1.10546184173773
0.027,NA,NA,NA,NA,NA,NA,NA,NA,1.02866579025701,1.09322445976793
0.028,NA,NA,NA,NA,NA,NA,NA,NA,1.02374037367121,1.08175669643797
0.029,NA,NA,NA,NA,NA,NA,NA,NA,1.01881007550122,1.07107308084196
0.03,NA,NA,NA,NA,NA,NA,NA,NA,1.01386767170196,1.06118513793849
0.031,NA,NA,NA,NA,NA,NA,NA,NA,1.00891238616724,1.05209794474729
0.032,NA,NA,NA,NA,NA,NA,NA,NA,1.00395416463081,1.04380585644808
0.033,NA,NA,NA,NA,NA,NA,NA,NA,0.999017604853877,1.0362885761932
0.034,NA,NA,NA,NA,NA,NA,NA,NA,0.994143653348599,1.02950945838399
0.035,NA,NA,NA,NA,NA,NA,NA,NA,0.989387441008966,1.02341767303996
0.036,NA,NA,NA,NA,NA,NA,NA,NA,0.984812204839658,1.01795428406996
0.037,NA,NA,NA,NA,NA,NA,NA,NA,0.980514523530297,1.01308053070389
0.038,NA,NA,NA,NA,NA,NA,NA,NA,0.976739353506798,1.00886500811036
0.039,NA,NA,NA,NA,NA,NA,NA,NA,0.973419271358409,1.00522798288801
0.04,NA,NA,NA,NA,NA,NA,NA,NA,0.970420740208689,1.00206381638275
0.041,NA,NA,NA,NA,NA,NA,NA,NA,0.967624885109409,0.999252208012276
0.042,NA,NA,NA,NA,NA,NA,NA,NA,0.964940084732628,0.99664560357401
0.043,NA,NA,NA,NA,NA,NA,NA,NA,0.962303863098182,0.994070009173902
0.044,NA,NA,NA,NA,NA,NA,NA,NA,0.960457235803263,0.991915159575004
0.045,NA,NA,NA,NA,NA,NA,NA,NA,0.959599942029019,0.990506205947814
0.046,NA,NA,NA,NA,NA,NA,NA,NA,0.959098527911232,0.989679294676827
0.047,NA,NA,NA,NA,NA,NA,NA,NA,0.958443447336629,0.989146664395598
0.048,NA,NA,NA,NA,NA,NA,NA,NA,0.957316468452624,0.988429239476993
0.049,NA,NA,NA,NA,NA,NA,NA,NA,0.955553656683627,0.986893647016882
0.05,NA,NA,NA,NA,NA,NA,NA,NA,0.953412784316462,0.984368403864598
0.051,NA,NA,NA,NA,NA,NA,NA,NA,0.950997945760368,0.981528301563543
0.052,NA,NA,NA,NA,NA,NA,NA,NA,0.948111290694375,0.978805007433289
0.053,NA,NA,NA,NA,NA,NA,NA,NA,0.944940859572398,0.976244295663593
0.054,NA,NA,NA,NA,NA,NA,NA,NA,0.941979546097679,0.973529829933205
0.055,NA,NA,NA,NA,NA,NA,NA,NA,0.938673102384007,0.969809304298703
0.056,NA,NA,NA,NA,NA,NA,NA,NA,0.934695556576982,0.96552041350169
0.057,NA,NA,NA,NA,NA,NA,NA,NA,0.930354391460588,0.961445879948317
0.058,NA,NA,NA,NA,NA,NA,NA,NA,0.926296976521977,0.958028539341572
0.059,NA,NA,NA,NA,NA,NA,NA,NA,0.923342372774541,0.955401480733073
0.06,NA,NA,NA,NA,NA,NA,NA,NA,0.920800951811907,0.952803392782393
0.061,NA,NA,1.0455178137318,1.20126251907652,NA,NA,NA,NA,0.91819333459904,0.950176320157072
0.062,NA,NA,1.04519474587643,1.19718036048472,NA,NA,NA,NA,0.915483721545788,0.947759438499861
0.063,NA,NA,1.04486029312705,1.19313506868873,NA,NA,NA,NA,0.912740303217203,0.945687933298304
0.064,NA,NA,1.04451436915726,1.18912674709852,NA,NA,NA,NA,0.910146811494576,0.943981448723708
0.065,NA,NA,1.04415688514601,1.18515550161872,NA,NA,NA,NA,0.907967913746169,0.942578693460408
0.066,NA,NA,1.0437877496385,1.1812214407877,NA,NA,NA,NA,0.906464417069319,0.941392598596909
0.067,NA,NA,1.04340686839773,1.17732467592602,NA,NA,NA,NA,0.905316926220011,0.940294575953733
0.068,NA,NA,1.04301414424623,1.17346532129473,NA,NA,NA,NA,0.904307064147331,0.939280038178213
0.069,NA,NA,1.04260947689753,1.16964349426387,NA,NA,NA,NA,0.903388042329607,0.938386412008359
0.07,NA,NA,1.04219276277684,1.1658593154918,NA,NA,NA,NA,0.902521367550389,0.93764282887696
0.071,NA,NA,1.04176389483059,1.16211290911567,NA,NA,NA,NA,0.901681218570265,0.937065748239771
0.072,NA,NA,1.04132276232439,1.15840440295343,NA,NA,NA,NA,0.900857067974613,0.936656335727751
0.073,NA,NA,1.04086925062922,1.15473392871768,NA,NA,NA,NA,0.900053924752762,0.936400220567911
0.074,NA,NA,1.04040324099562,1.15110162224144,NA,NA,NA,NA,0.899290141377516,0.936269688503788
0.075,NA,NA,1.0399246103159,1.14750762371599,NA,NA,NA,NA,0.898593344551763,0.936227751048835
0.076,NA,NA,1.03943323087453,1.14395207794041,1.10446250923694,1.21480349022305,1.19336145153988,1.33452048396188,0.897995302271066,0.936233278423827
0.077,NA,NA,1.03892897008729,1.14043513458251,1.10328821265357,1.21023223895223,1.19094458014083,1.32940752467706,0.897526318165985,0.936246605214544
0.078,NA,NA,1.03841169022975,1.13695694845028,1.10210841371278,1.2057141388703,1.18853896732554,1.32433363887714,0.897193632273962,0.936242404159221
0.079,NA,NA,1.03788124815654,1.13351767977267,1.10092311411449,1.20124940333486,1.18614461691253,1.3192988784768,0.896845530034184,0.936274634512563
0.08,NA,NA,1.03733749501295,1.13011749448795,1.09973231010967,1.19683825115242,1.18376153212417,1.3143032959869,0.896446129379242,0.936354365292767
0.081,NA,NA,1.03678027594142,1.12675656453725,1.09853599208162,1.19248090699716,1.1813897155604,1.30934694454069,0.896002710602795,0.936474480166072
0.082,NA,NA,1.03620942978605,1.12343506816006,1.09733414409548,1.18817760186144,1.17902916917114,1.30442987792148,0.895522078701807,0.936628338095407
0.083,NA,NA,1.03562478879936,1.12015319018742,1.09612674341452,1.18392857353949,1.17667989422733,1.29955215059155,0.895010477340118,0.936809859376827
0.084,NA,NA,1.03502617835685,1.1169111223274,1.09491375998264,1.1797340671449,1.17434189129051,1.29471381772255,0.894473543318587,0.937013571169366
0.085,NA,NA,1.03441341668625,1.11370906343584,1.09369515587258,1.17559433566242,1.17201516018099,1.2899149352274,0.893916293208127,0.937234620862008
0.086,1.13323871105619,1.25703553980584,1.03378631462012,1.11054721976376,1.09247088470048,1.17150964053339,1.16969969994441,1.28515555979366,0.893343133663803,0.937468765759581
0.087,1.13159041119866,1.25232748481081,1.03314467538296,1.10742580517023,1.09124089100839,1.16748025227328,1.16739550881673,1.28043574891859,0.892757887822584,0.937712346685011
0.088,1.12994399078411,1.24766296316148,1.03248829442607,1.10434504128751,1.0900051096176,1.16350645111827,1.16510258418764,1.27575556094572,0.892163831547121,0.937962251735542
0.089,1.12829932939819,1.2430419644851,1.03181695932688,1.10130515762175,1.08876346495801,1.15958852769596,1.16282092256222,1.27111505510316,0.891563734734483,0.938215874973999
0.09,1.12665630475805,1.23846448027739,1.03113044977275,1.09830639156915,1.08751587038088,1.15572678371258,1.16055051952098,1.26651429154363,0.890959904242551,0.938471073502396
0.091,1.12501479260138,1.23393050401354,1.0304285376536,1.09534898832339,1.08626222746582,1.15192153264602,1.15829136967807,1.26195333138619,0.89035422609842,0.938726125253532
0.092,1.12337466656877,1.22944003126584,1.02971098729221,1.09243320064523,1.08500242533696,1.14817310042963,1.15604346663782,1.25743223675972,0.889748205520147,0.938979688969246
0.093,1.12173579807888,1.22499305982851,1.02897755584681,1.08955928846004,1.08373634000893,1.1444818261063,1.15380680294954,1.25295107084812,0.889143003924815,0.939230767192349
0.094,1.12009805619639,1.22058958984975,1.02822799392604,1.08672751824272,1.08246383378946,1.14084806242575,1.15158137006047,1.24850989793737,0.888539472549426,0.939478672645733
0.095,1.11846130749247,1.21622962397126,1.0274620464634,1.08393816214337,1.08118475477472,1.13727217634934,1.14936715826719,1.2441087834641,0.887938182617496,0.939722998065777
0.096,1.11682541589764,1.21191316747542,1.02667945390468,1.08119149679975,1.0798989364831,1.13375454941615,1.14716415666528,1.23974779406595,0.887339452180978,0.939963589360422
0.097,1.11519024254692,1.20764022844007,1.02587995376931,1.07848780177601,1.0786061976867,1.13029557791159,1.14497235309745,1.2354269976334,0.886743369885256,0.940200521844181
0.098,1.1135556456175,1.20341081790091,1.02506328265296,1.07582735756006,1.07730634251464,1.12689567276402,1.14279173410029,1.23114646336309,0.886149815968631,0.940434079238645
0.099,1.11192148015895,1.19922495002123,1.02422917874477,1.07321044304632,1.07599916092083,1.12355525907702,1.14062228484975,1.22690626181228,0.885558480835053,0.94066473509976
0.1,1.11028759791654,1.19508264226867,1.0233773849369,1.0706373324262,1.07468442962981,1.12027477518355,1.1384639891055,1.22270646495451,0.884968881542493,0.940893136329448
0.101,1.10865384714809,1.19098391559828,1.02250765260576,1.06810829140688,1.07336191369814,1.11705467108455,1.13631682915467,1.21854714623587,0.884380376538464,0.941120088440094
0.102,1.10702007243541,1.18692879464111,1.02161974614192,1.06562357268133,1.07203136885475,1.11389540610856,1.13418078575506,1.21442838063175,0.883792178954543,0.941346542260012
0.103,1.10538611449162,1.18291730789695,1.0207134482984,1.06318341058013,1.0706925448105,1.11079744560223,1.13205583807847,1.21035024470359,0.883203368747313,0.941573581792514
0.104,1.10375180996577,1.17894948792959,1.01978856641182,1.06078801485022,1.06934518975263,1.1077612564358,1.12994196365446,1.20631281665504,0.882612903946124,0.941802412968146
0.105,1.10211699124743,1.17502537156239,1.01884493952766,1.05843756352969,1.0679890562611,1.10478730108682,1.12783913831543,1.20231617638688,0.882019631239922,0.942034353057858
0.106,1.10048148627365,1.17114500007113,1.01788244642583,1.0561321949222,1.06662390889545,1.10187603005324,1.12574733614362,1.19836040555012,0.881422296106714,0.942270820543535
0.107,1.09884511834246,1.16730841937068,1.01690101449692,1.05387199872074,1.06524953369726,1.09902787235096,1.12366652942099,1.19444558759601,0.880819552660267,0.942513325271305
0.108,1.09720770593719,1.1635156801906,1.01590062935959,1.05165700639022,1.06386574982574,1.09624322387827,1.12159668858311,1.19057180782216,0.880209973359509,0.942763458742136
0.109,1.09556906256763,1.15976683823396,1.01488134503912,1.04948718098891,1.06247242348328,1.09352243349027,1.11953778217847,1.18673915341333,0.879592058696725,0.943022884423636
0.11,1.09392899663521,1.15606195431223,1.01384329444588,1.04736240669004,1.06106948418448,1.09086578672986,1.11748977683452,1.18294771347526,0.878964246951061,0.943293327996555
0.111,1.09228731133097,1.15240109444723,1.0127866998065,1.04528247835055,1.05965694326678,1.08827348731707,1.11545263723255,1.17919757905988,0.878324924064156,0.943576567479147
0.112,1.09064380457721,1.14878432992955,1.01171188261651,1.04324709155846,1.0582349143297,1.0857456367099,1.1134263260933,1.17548884317966,0.877672433665195,0.943874423202124
0.113,1.08899826902584,1.14521173732016,1.01061927260924,1.04125583366403,1.05680363502512,1.08328221231396,1.11141080417595,1.17182160080863,0.877005087243659,0.944188747635897
0.114,1.08735049212916,1.14168339837963,1.00950941518346,1.03930817635205,1.05536348931717,1.08088304522258,1.1094060302933,1.16819594886722,0.876321174440222,0.944521415099688
0.115,1.08570025630176,1.13819939990626,1.00838297671248,1.03740347033278,1.05391502901583,1.07854779868332,1.10741196134639,1.16461198618757,0.875618973400207,0.94487431140807
0.116,1.08404733919574,1.13475983346082,1.0072407471791,1.03554094270701,1.05245899310517,1.07627594876957,1.10542855238262,1.16106981345553,0.874896761110703,0.945249323533845
0.117,1.08239151411532,1.13136479495199,1.00608363965093,1.03371969749069,1.05099632319271,1.07406676893131,1.10345575668137,1.1575695331249,0.874152823622633,0.945648329385989
0.118,1.08073255060088,1.12801438405223,1.00491268623037,1.03193871966498,1.04952817335587,1.07191932014862,1.10149352587249,1.15411124929906,0.873385466043609,0.946073187816781
0.119,1.07907021521744,1.12470870340944,1.00372903027594,1.03019688295494,1.04805591280597,1.06983244826766,1.09954181009299,1.15069506757421,0.87259302217709,0.946525728982658
0.12,1.07740427258672,1.12144785761476,1.00253391488621,1.02849296134559,1.04658112015116,1.06780478973778,1.09760055818838,1.14732109483805,0.871773863678577,0.947007745188013
0.121,1.07573448670716,1.11823195188263,1.00132866784397,1.02682564413769,1.04510556860099,1.06583478640693,1.09566971796575,1.14398943901671,0.870926408600773,0.94752098234004
0.122,1.07406062261013,1.11506109039456,1.00011468341738,1.02519355414665,1.04363120215874,1.0639207093293,1.09374923650637,1.14070020876212,0.870049129206622,0.948067132135686
0.123,1.07238244840459,1.11193537425447,0.998893401582806,1.02359526847968,1.0421601035955,1.06206069079132,1.09183906054645,1.13745351307128,0.869140558941758,0.948647825089214
0.124,1.07069973776443,1.10885489900135,0.9976662853561,1.0220293412045,1.04069445567876,1.06025276308298,1.08993913693549,1.13424946082793,0.868199298475226,0.949264624491473
0.125,1.06901227291332,1.10581975162441,0.996434796981834,1.02049432716012,1.03923649763285,1.05849490203743,1.08804941318217,1.13108816025658,0.867224020738746,0.949919021370638
0.126,1.06731984815908,1.10283000702871,0.995200373732356,1.01898880615775,1.03778847906631,1.05678507310365,1.08616983809863,1.1279697182783,0.866213474918846,0.950612430500076
0.127,1.0656222740232,1.09988572390564,0.993964404014718,1.01751140687391,1.0363526135903,1.05512127772794,1.08430036255423,1.12489423975695,0.865166489381761,0.951346187473445
0.128,1.06391938199924,1.09698693997452,0.992728204385973,1.01606082983512,1.03493103410097,1.05350159807168,1.08244094035006,1.12186182662465,0.864081973536743,0.952121546841389
0.129,1.06221102995632,1.0941336665791,0.991492997951846,1.01463586901924,1.03352575127374,1.05192423851691,1.08059152922569,1.11887257687505,0.86295891866803,0.952939681279564
0.13,1.06049710817794,1.09132588264877,0.990259894487622,1.01323543173453,1.03213861630648,1.05038756292327,1.07875209200876,1.11592658341371,0.861796397788131,0.953801681735356
0.131,1.0587775459932,1.0885635280673,0.989029872489491,1.0118585565684,1.03077128843551,1.04889012711192,1.07692259791735,1.11302393275578,0.860593564584402,0.954708558481303
0.132,1.05705231891511,1.08584649653456,0.987800954093283,1.01049709600922,1.02942520730307,1.04743070649812,1.07510302402304,1.11016470356288,0.859349651546404,0.955661242987739
0.133,1.05532145615061,1.08317462805651,0.986566907770545,1.00913241934847,1.02810156992112,1.04600831912741,1.07329335688051,1.10734896501353,0.858063967372982,0.956660590515714
0.134,1.05358504829056,1.08054770125515,0.985328701244746,1.00776616989373,1.0268013117746,1.04462224457233,1.07149359432581,1.10457677500492,0.856735893765229,0.95770738332403
0.135,1.05184325492843,1.07796542574988,0.984087301429435,1.00640148959668,1.02553776118289,1.04327716336884,1.0697037474412,1.10184817818799,0.855364881714645,0.958802334381079
0.136,1.0500963118986,1.07542743491923,0.982843426409022,1.00504176923818,1.02433982257182,1.04198315423959,1.06792384267899,1.09916320384362,0.853950447395289,0.9599460914727
0.137,1.04834453777447,1.07293327940265,0.981597702535605,1.00369049133139,1.02319854431874,1.04073466085683,1.06615392413009,1.09652186361416,0.852492167764911,0.961139241601036
0.138,1.04658833923152,1.07048242173755,0.980350808301027,1.0023510862497,1.0221023614876,1.03952594235065,1.06439405591499,1.0939241491123,0.850989675973701,0.962382315575792
0.139,1.04482821486633,1.06807423254024,0.979103603379416,1.00102680318426,1.02103944386056,1.03835152313294,1.0626443246664,1.09137002943855,0.849442656670866,0.963675792707655
0.14,1.04306475707802,1.06570798862447,0.977857240442454,0.999720598328623,1.01999804298767,1.03720584584771,1.06090484206275,1.08885944864768,0.847850841289485,0.965020105523441
0.141,1.04129865166607,1.06338287340363,0.976613256888626,0.998435043149567,1.01896680126462,1.03608296229334,1.05917574736176,1.0863923232152,0.846214003379509,0.966415644433093
0.142,1.03953067488001,1.06109797984109,0.975373643666516,0.997172255563762,1.01793501714513,1.03497626821013,1.05745720987304,1.08396853956471,0.84453195404792,0.967862762289526
0.143,1.03776168776786,1.05885231610169,0.974140888966721,0.995933856245861,1.01689285615601,1.03387829226536,1.05574943129926,1.08158795172675,0.842804537554352,0.969361778792997
0.144,1.0359926278039,1.05664481392403,0.972917995633238,0.994720951217124,1.01583149608596,1.03278055086437,1.05405264786693,1.07925037920802,0.841031627100267,0.970912984701941
0.145,1.03422449791977,1.05447433958937,0.971708472509574,0.993534140499298,1.01474319706484,1.03167347807135,1.05236713216211,1.07695560515567,0.839213120840302,0.972516645821616
0.146,1.03245835320237,1.05233970722367,0.970516301317555,0.992373551235809,1.01362129265055,1.03054643452247,1.05069319458279,1.07470337490493,0.837348938135851,0.974173006750521
0.147,1.03069528564267,1.05023969404885,0.969345881787,0.991238892562094,1.01246010485913,1.02938779239573,1.04903118432068,1.07249339499731,0.835439016063427,0.975882294372039
0.148,1.02893640740875,1.0481730571097,0.968201958386728,0.990129528874585,1.01125479212719,1.02818508744857,1.04738148978957,1.0703253327522,0.833483306183831,0.977644721085262
0.149,1.02718283316635,1.04613855095337,0.967089532025719,0.98904456812956,1.01000114252159,1.0269252258082,1.04574453842733,1.06819881646498,0.831481771572757,0.979460487774392
0.15,1.02543566197728,1.04413494573092,0.966018236362235,0.987981548888493,1.00868809408847,1.02557883500592,1.04412079581237,1.06611343629044,0.829434384108965,0.981329786520564
0.151,1.0236959592734,1.04216104522337,0.965011453033992,0.986934104279695,1.00727864700295,1.02406847295404,1.04251076405404,1.06406874585243,0.827341122012658,0.983252803063468
0.152,1.02196473933804,1.04021570436028,0.964063866965812,0.985906140754483,1.00577366870564,1.02241837285025,1.04091497943812,1.06206426459839,0.825201967623976,0.98522971902286
0.153,1.02024294863891,1.03829784588681,0.963165328405901,0.984903767804398,1.00417877126793,1.02066792051135,1.0393340093327,1.06009948089345,0.823016905409534,0.987260713892019
0.154,1.01853145025769,1.03640647593415,0.962305456883944,0.983933325639504,1.00250061031184,1.01885545820351,1.03776844838446,1.05817385582413,0.820785920183607,0.989345966816564
0.155,1.01683100956448,1.0345406983451,0.961474314198094,0.983000712201394,1.00074903275181,1.0170161369005,1.03621891405967,1.05628682765739,0.818508995529717,0.991485658172869
0.156,1.01514228119834,1.03269972769347,0.960663026714654,0.982110760863515,0.998938892854577,1.01518010022375,1.03468604160531,1.05443781687944,0.816186112408007,0.993679970960686
0.157,1.01346579734791,1.0308829010035,0.959864336645379,0.981266689153857,0.997091247334794,1.01337128934682,1.03317047852356,1.05262623172134,0.813817247933756,0.995929092024628
0.158,1.01180195728161,1.02908968821965,0.959073043808453,0.980469656993984,0.995233670317891,1.01160712803246,1.03167287866514,1.05085147406555,0.811402374312632,0.998233213118923
0.159,1.01015101805965,1.02731970149458,0.958286294337479,0.979718477990042,0.993399622932291,1.00989915304045,1.03019389605381,1.04911294562155,0.80894145791873,1.00059253182937
0.16,1.00851308636934,1.02557270335387,0.957503683266421,0.979009516847812,0.991627052253924,1.00825441518305,1.02873417855467,1.04741005425743,0.806434458502066,1.00300725236585
0.161,1.00688811146125,1.02384861375983,0.956727160960189,0.978336782942134,0.989956526926845,1.00667734370438,1.02729436149434,1.04574222037981,0.803881328512915,1.00547758623798
0.162,1.00527600333486,1.0221475960989,0.955960760749343,0.977692202682195,0.988409212589758,1.00515059451749,1.02587506133071,1.04410888326399,0.801282012531161,1.00800375282577
0.163,1.00371833349456,1.02049688771408,0.955210186706049,0.977066031735575,0.986841129987967,1.00351005026355,1.02447686945672,1.04250950725025,0.798636446789661,1.01058597985627
0.164,1.00224501980938,1.01891654227082,0.954482308871989,0.976447359800341,0.985217383353688,1.00176109836331,1.02310034620603,1.04094358773815,0.795944558781458,1.01322450379631
0.165,1.00085036864065,1.01740454888205,0.953784606574197,0.975824667289207,0.983539823754563,0.999954905100128,1.02174601511144,1.03941065692808,0.793206266941509,1.01591957017084
0.166,0.999528266558451,1.01595931645194,0.953124581752056,0.975186412002536,0.981813444467248,0.998139494548311,1.02041435744991,1.03791028927632,0.790421480394415,1.01867143381516
0.167,0.998272385050733,1.01457946896681,0.952545657076147,0.97455516433016,0.980050187932596,0.996355941617983,1.01910580709243,1.03644210664507,0.787590098760373,1.02148035906895
0.168,0.997076371001693,1.01326365501674,0.952081017373532,0.973974540198245,0.978271678712353,0.994635639098375,1.01782074566427,1.03500578314228,0.78471201201237,1.02434661991913
0.169,0.995934024272272,1.01201037021503,0.951700158572211,0.973449922209556,0.976510240328921,0.992999280818059,1.01655949801153,1.03360104965507,0.781787100378261,1.02727050009774
0.17,0.994839460684804,1.01081779421364,0.951372737367409,0.972986012856239,0.974807925151337,0.991457831758973,1.01532232796453,1.03222769808633,0.778815234282076,1.03025229314064
0.171,0.993787256008063,1.00968364671803,0.951071093315647,0.972584831769136,0.973213890418823,0.990015152032871,1.01410943438761,1.03088558530493,0.775796274319437,1.0332923024121
0.172,0.992772564708493,1.00860506873604,0.950772153295584,0.972243811256957,0.971780803509904,0.988671591612203,1.01292094750862,1.02957463681623,0.772730071262575,1.03639084109979
0.173,0.991791206747716,1.0075785357803,0.95045880508667,0.971954422727618,0.970539327352573,0.987410087191884,1.01175692553,1.028294850151,0.769616466090867,1.03954823218423
0.174,0.990839716791202,1.00659980865961,0.950120509824423,0.97170156423297,0.969414120722168,0.986163626740813,1.01061735153695,1.02704629795726,0.766455290043329,1.04276480838629
0.175,0.989915352689995,1.00566392499719,0.949753033515315,0.971463828953907,0.968368311533585,0.984944508174845,1.00950213073613,1.02582913076156,0.763246364689876,1.04604091209596
0.176,0.989016063440274,1.00476523127112,0.949357361014844,0.971214591222296,0.967373634215657,0.983774361212536,1.00841108808112,1.02464357934353,0.759989502018533,1.04937689528509
0.177,0.988140420177188,1.00389745182052,0.948938002776275,0.970923699772243,0.966405126305129,0.982671512464528,1.0073439663667,1.02348995664161,0.75668450453613,1.05277311940677
0.178,0.987287516267441,1.00305378875296,0.948500931292494,0.970559541298225,0.965444213816911,0.9816479000633,1.00629692007357,1.02236013195235,0.753331165380302,1.05622995528324
0.179,0.986456843619871,1.00222704563384,0.948072682423268,0.970119756655735,0.964481080378006,0.980706704529234,1.00525820381211,1.02122781678615,0.749929268440879,1.05974778298458
0.18,0.98564815170809,1.00140976846384,0.947718517843939,0.969687443208697,0.96351569045919,0.979841325538945,1.00422581076342,1.02009222875887,0.746478588489006,1.06332699169953
0.181,0.984901528262611,1.00061235761922,0.947425026822852,0.969276969645406,0.962557119010527,0.979036052289757,1.00319821784579,1.01895490513327,0.742978891312515,1.06696797960015
0.182,0.984243771541732,0.999851383769303,0.947172390508843,0.968895679460759,0.96162137259816,0.978268242362911,1.0021736929256,1.01781759222399,0.739429933856303,1.07067115370145
0.183,0.98365355956287,0.999129785602178,0.946941778405046,0.968549927795356,0.960728271848125,0.977511439279761,1.00115040634879,1.01668213386609,0.735831464366582,1.0744369297171
0.184,0.983109214160672,0.998450857988703,0.946716390581712,0.968244039222681,0.959897935158973,0.976738888789145,1.00012653663519,1.01555036572077,0.732183222538067,1.07826573191228
0.185,0.982590215031131,0.997816737938386,0.946482378570235,0.967979386855072,0.959162341650154,0.975973261198319,0.999100370588276,1.01442401516558,0.728484939663266,1.08215799295438
0.186,0.982078577450924,0.997227026880053,0.946229540758897,0.967753696947983,0.958522549254425,0.975256936216689,0.998070396745646,1.01330460784395,0.724736338783147,1.08611415376234
0.187,0.981559984852091,0.99667765808717,0.945951684586381,0.967560686706464,0.957950482450363,0.974594535836249,0.997035389905087,1.01219338313911,0.720937134838594,1.09013466335515
0.188,0.981024509386242,0.996160176113629,0.945646589762188,0.967390101064747,0.957419816180533,0.973988931585008,0.995994483608998,1.01109122168967,0.717087034822104,1.09421997870021
0.189,0.980466782865689,0.995661565852621,0.945315578195767,0.967228142757118,0.956907680655326,0.973439539723144,0.994947227139938,1.00999858839412,0.713185737929284,1.09837056456182
0.19,0.979885587414333,0.995164661885751,0.944962764976904,0.967058221337524,0.956396000976016,0.972940981619957,0.993893623884929,1.00891549404644,0.709232935709776,1.10258689335023
0.191,0.979282961259369,0.994649042691324,0.944594100062465,0.966861911492835,0.955872246457127,0.972482334431495,0.992834148857153,1.00784147781448,0.705228312217283,1.10686944497162
0.192,0.978662988335063,0.99409224104058,0.944216300180454,0.966620021138778,0.955329420465273,0.972047141261714,0.991769744566473,1.00677561136939,0.70117154415842,1.11121870667928
0.193,0.978033077284618,0.993473048354807,0.943835723167838,0.966313717082122,0.954765277896543,0.971614193685098,0.990701796028463,1.00571652387662,NA,NA
0.194,0.977458700302257,0.992826762873466,0.943466057162723,0.965953532278248,0.954180918257964,0.971158938665191,0.989632087163956,1.00466244559637,NA,NA
0.195,0.976946438457994,0.99218332928544,0.943116940619262,0.965575805939156,0.953578968746063,0.970655295476039,0.988562741869746,1.00361126681285,NA,NA
0.196,0.976468372804543,0.991555507855931,0.942781910787298,0.965187991358116,0.952964916327975,0.970084000718444,0.987496153445144,1.00256060840779,NA,NA
0.197,0.97599789553503,0.990954747709725,0.94245448486889,0.964797272027417,0.952386465063273,0.969519874529232,0.986434905786746,1.00150790066561,NA,NA
0.198,0.975512572201925,0.990388324612266,0.942128551268121,0.964410460237328,0.951851851015454,0.968990262226315,0.985382332302663,1.00044887684763,NA,NA
0.199,0.974996516512924,0.989856966173772,0.941798666921025,0.964033699746167,0.951352220711783,0.968493462125003,0.98434668386306,0.999365557311295,NA,NA
0.2,0.974441819559804,0.98935342262038,0.941460335947775,0.963672187128111,0.950879025216183,0.96802746800395,0.983326112741765,0.998260698022163,NA,NA
0.201,0.973848653604945,0.988862363007623,0.941110253063049,0.963329928362834,0.950424153292781,0.967589835941603,0.982315237580585,0.997144079238993,NA,NA
0.202,0.973224023052213,0.988361624249549,0.940746491474068,0.963009550937465,0.949980046270246,0.967177569451871,0.981308459704417,0.99602569853746,NA,NA
0.203,0.972579508856458,0.987824466709222,0.940368616174346,0.962712190552842,0.949539788225464,0.966787029300444,0.980300673167355,0.994915060764039,NA,NA
0.204,0.971928474892507,0.987222367829727,0.939977709715924,0.962437465351273,0.949097165063815,0.966413874424517,0.979287924836872,0.993820517951826,NA,NA
0.205,0.971293600412333,0.98654506523522,0.93957630728654,0.962183540839374,0.948646687515626,0.966053038936338,0.978267994154661,0.9927486895597,NA,NA
0.206,0.970689477391655,0.985826020048114,0.939168248540778,0.961947278056909,0.948183575683031,0.965698747576352,0.977240837219345,0.991704018389605,NA,NA
0.207,0.97009582588447,0.985087344974354,0.938758462137321,0.961724449039549,0.94770370594015,0.965344568813013,0.976208836109711,0.990688521263326,NA,NA
0.208,0.969492354727558,0.984349768750181,0.938352703139387,0.961509999418423,0.947203523945043,0.964983501830835,0.975176815118896,0.989701772788295,NA,NA
0.209,0.968862364184703,0.98363042868484,0.937957262665449,0.961298338769412,0.94667992957549,0.964608091594619,0.974151823340854,0.988741122771129,NA,NA
0.21,0.968195269805041,0.982940346802216,0.937578664185992,0.961083644316382,0.946130140338621,0.964210565439807,0.973142721414787,0.987802109473194,NA,NA
0.211,0.967488326361175,0.982282705902729,0.93722335318569,0.960860171269009,0.945551539168492,0.96378298527492,0.97215963238871,0.986879008747047,NA,NA
0.212,0.966747089478806,0.981652387933703,0.936897378088834,0.960622571897353,0.944941510762389,0.963317411245249,0.971213314279363,0.985965461476517,NA,NA
0.213,0.965984465855311,0.981036923770785,0.936601710441817,0.960369902523753,0.944297268134291,0.96280607517939,0.970312849358272,0.985050623745732,NA,NA
0.214,0.96521862428276,0.98041858219493,0.936320914753279,0.960114961488545,0.943615668333597,0.96224156487052,0.969452758108858,0.984116118834202,NA,NA
0.215,0.964470258938058,0.979777106602255,0.936051302453081,0.959860342153373,0.942896090298065,0.961623997706982,0.968621687687929,0.983172573333522,NA,NA
0.216,0.963757384824537,0.979093260177523,0.935790789803968,0.959607267177708,0.942161387859722,0.961006351369781,0.967807954156799,0.982234182409208,NA,NA
0.217,0.963063085409472,0.978365991465819,0.935537323086771,0.959356929202935,0.941417767017735,0.960400236384499,0.96700067903496,0.981314335768595,NA,NA
0.218,0.962371151495555,0.977610817704656,0.93528890693746,0.959110462515302,0.94066608039445,0.959804815421985,0.966191146228782,0.980424260732142,NA,NA
0.219,0.961671584011217,0.976843238700771,0.935043631691239,0.958868915701822,0.939907150931285,0.959219280834014,0.965373984281568,0.979571839983374,NA,NA
0.22,0.960956090989113,0.976077047156671,0.934799699476105,0.958633225556715,0.939141765714811,0.958642860827207,0.964548006551115,0.978760771391321,NA,NA
0.221,0.96021928091877,0.975323135317994,0.934555448629201,0.958404192665056,0.938370671219005,0.958074824220783,0.963716542239225,0.97799023698101,NA,NA
0.222,0.959459563484976,0.974588594235118,0.934309375882836,0.958182459216751,0.937594569856707,0.957514483895094,0.962887182544953,0.977255156780213,NA,NA
0.223,0.958679608773357,0.97387625455758,0.934060155693485,0.957968489677544,0.936814117700732,0.956961199070519,0.962071001364509,0.976546968119551,NA,NA
0.224,0.957886267614682,0.973184766189777,0.933806656074458,0.957762554956342,0.936029923218069,0.956414376573264,0.961281410722083,0.975854770201659,NA,NA
0.225,0.957089961180392,0.972509208695433,0.933547950344568,0.957564720656548,0.935242546856242,0.955873471248996,0.960532823530752,0.97516666134029,NA,NA
0.226,0.956303647057473,0.971842125222726,0.933283324318,0.957374839886194,0.934452501325922,0.955337985680239,0.95984061648733,0.974473338940757,NA,NA
0.227,0.955541506152972,0.971174835599774,0.933012278624189,0.957192550938063,0.93366025243521,0.954807469352087,0.959214213736563,0.973784459810173,NA,NA
0.228,0.954817245699037,0.970498928207848,0.932734526043928,0.957017279953578,0.932866220346285,0.954281517395552,0.958637943413572,0.973111417949867,NA,NA
0.229,0.954112592173432,0.969810071755659,0.932449983957496,0.956848248474679,0.932070781142088,0.953759769020888,0.958093438922258,0.972464587349019,NA,NA
0.23,0.953407960191926,0.969112113919481,0.932158762199155,0.956684485589319,0.93127426860808,0.953241905735828,0.957563808775338,0.971852866887988,NA,NA
0.231,0.952701756587227,0.96841013323558,0.931861146778762,0.956524844209858,0.930476976150731,0.952727649427095,0.95703522117191,0.971282095760755,NA,NA
0.232,0.951992652409502,0.967708944022766,0.931557580048993,0.956368020905839,0.929679158789643,0.95221676036828,0.956498178571447,0.970753778900925,NA,NA
0.233,0.951279708283379,0.967012971025386,0.931248637956449,0.956212578652878,0.928881035173793,0.951709035203601,0.955948259810241,0.970264344865284,NA,NA
0.234,0.950562483775593,0.966326140045681,0.930935005014558,0.956056971859761,0.928082789584067,0.951204304945364,0.95538616297707,0.969805102958133,NA,NA
0.235,0.949841124874508,0.965651790464262,0.930617447580408,0.955899573091621,0.927284573894171,0.950702433013059,0.95481703976828,0.969362908876205,NA,NA
0.236,0.949116423471165,0.964992615759064,0.930296785915997,0.955738701008675,0.926486509470202,0.950203313333781,0.954249275748842,0.968921384447606,NA,NA
0.237,0.948389843930418,0.964350636934209,0.929973865379171,0.955572649175293,0.92568868899582,0.949706868517063,0.953692941050724,0.968462466933446,NA,NA
0.238,0.94766351419979,0.96372721141115,0.929649526933521,0.955399715550104,0.924891178215254,0.949213048111872,0.953158085811358,0.967968159905549,NA,NA
0.239,0.946940181870617,0.963123076967525,0.929324577001415,0.955218232632956,0.924094017590561,0.948721826949341,0.952653429896379,0.967444977857093,NA,NA
0.24,0.946223138462519,0.962538427452689,0.928999756519719,0.955026598409198,0.923297223872709,0.9482332035717,0.952175644130651,0.966913071707661,NA,NA
0.241,0.945516117278033,0.961973014933085,0.92867570890064,0.954823308388842,0.922500791588439,0.947747198745398,0.951716240586895,0.966380885027395,NA,NA
0.242,0.944823171042402,0.961426272052441,0.928352946455765,0.954606989182518,0.921704694446591,0.94726385405479,0.951267069895388,0.965856522828882,NA,NA
0.243,0.944148535111688,0.960897448823673,0.928031814714009,0.954376434183527,0.92090888666873,0.946783230571504,0.950820916825893,0.965347155985221,NA,NA
0.244,0.943496480506519,0.960385759595129,0.927707941255078,0.954139407759715,0.920113304249696,0.946305407593895,0.950372047047124,0.964858474470561,NA,NA
0.245,0.942871158790211,0.959890538172466,0.927376544683531,0.953905142268431,0.919317866154086,0.945830481450559,0.949916660704981,0.964394233781866,NA,NA
0.246,0.942276438277985,0.959411401609441,0.92703799064813,0.953673289807234,0.918522475454871,0.945358564361717,0.949453195253472,0.963955952107988,NA,NA
0.247,0.941714931219937,0.958948219747324,0.926692635914973,0.95344350796945,0.917727020420248,0.944889783352368,0.948982428379651,0.963542807404739,NA,NA
0.248,0.9411558702081,0.95849267368453,0.926340823714042,0.953215467884528,0.916931375554645,0.944424279211277,0.948507359997822,0.963151755400677,NA,NA
0.249,0.940582776565735,0.958039643382341,0.925982883029052,0.952988854928176,0.916135402599459,0.943962205490239,0.948032888869839,0.962777852976809,NA,NA
0.25,0.939996392229695,0.957588369959327,0.925619128049173,0.952763369270653,0.915338951498676,0.943503727538464,0.947565328616756,0.962414742154946,NA,NA
0.251,0.939397416077163,0.957138137593731,0.925249857768873,0.952538726276917,0.914541861334016,0.943049021567424,0.947111817827106,0.962055239989417,NA,NA
0.252,0.938786499963011,0.956688277486104,0.924875355721457,0.95231465677309,0.913743961233755,0.942598273742038,0.946679667086075,0.961691991537899,NA,NA
0.253,0.938164245989349,0.956238170589757,0.924495889831674,0.952090907193849,0.912945071258744,0.942151679294646,0.946275601774632,0.961318267775287,NA,NA
0.254,0.937531204856876,0.955787249259417,0.924111712372925,0.951867239625222,0.912145003268612,0.941709441658817,0.945896034983468,0.960942654755553,NA,NA
0.255,0.93688787513794,0.955334997978159,0.923723060015121,0.951643431756722,0.911343561770518,0.94127177162058,0.945533335093495,0.960574636925944,NA,NA
0.256,0.93623470331259,0.954880953321358,0.92333015394997,0.95141927675607,0.910540544752254,0.940838886485341,0.945184029615181,0.960215355830785,NA,NA
0.257,0.935572084418114,0.954424703307148,0.922933200081368,0.951194583078797,0.909735744500888,0.940411009259224,0.944844766681016,0.959865832392377,NA,NA
0.258,0.934900363176777,0.953965886268689,0.922532389269577,0.950969174224065,0.908928948407635,0.939988367844209,0.944512382637381,0.959526899319132,NA,NA
0.259,0.934219835483385,0.953504189366597,0.92212789761894,0.95074288844696,0.908119939759072,0.939571194246911,0.944183964048826,0.959199139101291,NA,NA
0.26,0.933530750152174,0.953039346842062,0.921719886799949,0.950515578436417,0.907308498514356,0.939159723801366,0.943856901970105,0.958882829738895,NA,NA
0.261,0.932833310839946,0.952571138093704,0.921308504397566,0.9502871109669,0.906494402067641,0.938754194406615,0.943528935874639,0.958577900813314,NA,NA
0.262,0.932127678078715,0.952099385644932,0.920893884278716,0.950057366530911,0.905677425994504,0.938354845780274,0.943198184607541,0.958283902534228,NA,NA
0.263,0.931413971365723,0.951623953053928,0.92047614697284,0.949826238958436,0.904857344780826,0.937961918729658,0.942863162172002,0.957999989953238,NA,NA
0.264,0.930692271271406,0.95114474280568,0.920055400060308,0.949593635028531,0.904033932532315,0.937575654442248,0.942522776992517,0.95772492370064,NA,NA
0.265,0.929962621536705,0.95066169421467,0.919631738564331,0.949359474077413,0.903206963662614,0.937196293797599,0.942176314376339,0.957457087523976,NA,NA
0.266,0.929225031140033,0.950174781357909,0.919205245342761,0.949123687606657,0.90237621355777,0.936824076702855,0.941823403009594,0.957194521791911,NA,NA
0.267,0.928479476321433,0.949684011050778,0.918775991476851,0.948886218894436,0.901541459214772,0.936459241454222,0.94146396726392,0.956934971187599,NA,NA
0.268,0.927725902557166,0.949189420872437,0.918344036654676,0.948647022612101,0.900702479851796,0.936102024126716,0.941098167685344,0.956675944219807,NA,NA
0.269,0.926964226482331,0.948691077243214,0.917909429547423,0.948406064447893,0.899859057487866,0.935752657994508,0.940726332202807,0.956414782014384,NA,NA
0.27,0.926194337762317,0.948189073553141,0.917472208177254,0.948163320739076,0.899010977489708,0.935411372984066,0.940348880333005,0.956148734109429,NA,NA
0.271,0.925416100916172,0.947683528338595,0.917032400275856,0.947918778113392,0.898158029083728,0.935078395162176,0.939966242048605,0.955875039587066,NA,NA
0.272,0.924629357096377,0.947174583502518,0.916590023633134,0.94767243314036,0.897300005831264,0.934753946260695,0.939578772139101,0.955591012712594,NA,NA
0.273,0.923833925830298,0.946662402572968,0.916145086435821,0.947424291992674,0.896436706065489,0.934438243239643,0.939186659959043,0.955294133186254,NA,NA
0.274,0.923029606728794,0.946147168994508,0.915697587596024,0.947174370117656,0.89556793328864,0.934131497889976,0.938789831905259,0.954982192239036,NA,NA
0.275,0.922216181167215,0.945629084447213,0.915247517069957,0.946922691918518,0.89469349652857,0.933833916477037,0.938387650491522,0.954667280315259,NA,NA
0.276,0.921393413943445,0.945108367188623,0.914794856167273,0.946669290445032,0.893813210653936,0.93354569942536,0.93798016766655,0.954359442029583,NA,NA
0.277,0.920561054916752,0.944585250414892,0.914339577851582,0.946414207093017,0.892926896647727,0.93326704104515,0.937567920128032,0.954058127153436,NA,NA
0.278,0.919718840630129,0.944059980638451,0.913881647032816,0.946157491311967,0.892034381839151,0.932998129300394,0.937151410776983,0.953762819254915,NA,NA
0.279,0.918866495917589,0.943532816080711,0.913421020852253,0.94589920032003,0.891135500094293,0.932739145618199,0.936731106613809,0.953473037802729,NA,NA
0.28,0.918003735496548,0.943004025079679,0.912957648961018,0.945639398825509,0.890230091966271,0.932490264738643,0.936307437333588,0.953188339570914,NA,NA
0.281,0.917130265544094,0.942473884513692,0.912491473792984,0.945378158753959,0.889318004805962,0.932251654604041,0.935880794532117,0.952908319432788,NA,NA
0.282,0.916245785254611,0.941942678243788,0.91202243083298,0.945115558979975,0.888399092834666,0.932023476286285,0.93545153143236,0.952632610634501,NA,NA
0.283,0.915349988374971,0.941410695578518,0.911550448881271,0.94485168506272,0.887473217180353,0.931805883950601,0.935019963043646,0.95236088463584,NA,NA
0.284,0.914442564712358,0.940878229766122,0.911075450315224,0.944586628984253,0.88654024587937,0.931599024853836,0.934586366671967,0.952092850599924,NA,NA
0.285,0.913523201608791,0.940345576520007,0.910597351349104,0.944320488889738,0.885600053845697,0.931403039375202,0.934150982707782,0.951828254605411,NA,NA
0.286,0.912591585375626,0.939813032584237,0.910116062292892,0.944053368828619,0.884652522810021,0.931218061077206,0.933714015626819,0.951566878645688,NA,NA
0.287,0.911647402680705,0.939280894346396,0.909631487810979,0.943785378495933,0.883697541230993,0.93104421679439,0.933275635148867,0.951308539470077,NA,NA
0.288,0.910690341880474,0.93874945650546,0.909143527181551,0.943516632972918,0.88273500418116,0.930881626747402,0.932835977508728,0.951053087312895,NA,NA
0.289,0.909720094289283,0.938219010802504,0.90865207455741,0.943247252466203,0.881764813210089,0.930730404679869,0.932395146802109,0.950800404547546,NA,NA
0.29,0.908736355378226,0.937689844821855,0.908157019228903,0.942977362044865,0.880786876187238,0.930590658015524,0.931953216377075,0.95055040429508,NA,NA
0.291,0.907738825896272,0.937162240869971,0.907658245889571,0.94270709137479,0.879801107127109,0.930462488033061,0.931510230248515,0.950303029009723,NA,NA
0.292,0.906727212907046,0.936636474938648,0.907155634905027,0.942436574449793,0.87880742599916,0.930345990056216,0.931066204518993,0.950058249058025,NA,NA
0.293,0.905701230735463,0.936112815758396,0.906649062585472,0.942165949319098,0.877805758524903,0.930241253656668,0.930621128794314,0.949816061303296,NA,NA
0.294,0.904660601819416,0.935591523946743,0.906138401462197,0.941895357810843,0.876796035964521,0.93014836286743,0.930174967586231,0.949576487702897,NA,NA
0.295,0.903605057462868,0.935072851255153,0.905623520568254,0.941624945251402,0.875778194895194,0.930067396404515,0.929727661697955,0.949339573922731,NA,NA
0.296,0.902534338487939,0.934557039916928,0.905104285723425,0.941354860180419,0.874752176983239,0.929998427894798,0.929279129590711,0.949105387970688,NA,NA
0.297,0.9014481957849,0.93404432209722,0.904580559823473,0.941085254061558,0.873717928752008,0.929941526108123,0.928829268731448,0.948874018848933,NA,NA
0.298,0.900346390760296,0.933534919444908,0.904052203133543,0.940816280989102,0.87267540134732,0.929896755191863,0.928377956923183,0.948645575223562,NA,NA
0.299,0.899228695684709,0.933029042744833,0.903519073585475,0.940548097390636,0.871624550302107,0.929864174906281,0.92792505362031,0.948420184109299,NA,NA
0.3,0.898094893942915,0.932526891667644,0.902981027078681,0.940280861726177,0.870565335301727,0.929843840859212,0.927470401231634,0.948197989566451,NA,NA
0.301,0.896944780190307,0.932028654613369,0.902437917784079,0.940014734184232,0.869497719951297,0.929835804738732,0.927013826414021,0.947979151407265,NA,NA
0.302,0.89577816042047,0.93153450864385,0.901889598450532,0.939749876375365,0.868421671546229,0.929840114542623,0.926555141359328,0.947763843909002,NA,NA
0.303,0.894594851949638,0.931044619498274,0.901335920713066,0.939486451023978,0.867337160846984,0.929856814803618,0.926094145076833,0.947552254531496,NA,NA
0.304,0.893394683324483,0.930559141685393,0.900776735402078,0.939224621659099,0.866244161858946,0.929885946809526,0.925630624672787,0.947344582637611,NA,NA
0.305,0.892177494160186,0.930078218645449,0.90021189285265,0.938964552305075,0.865142651618172,0.929927548817484,0.925164356627872,0.947141038215779,NA,NA
0.306,0.890943134916123,0.929601982974492,0.899641243212965,0.938706407173147,0.86403260998363,0.929981656261717,0.924695108072495,0.946941840604707,NA,NA
0.307,0.889691466616686,0.929130556703552,0.899064636750808,0.938450350354959,0.862914019436449,0.930048301954291,0.92422263805886,0.946747217221307,NA,NA
0.308,0.888422360524804,0.928664051625122,0.898481924157003,0.938196545519115,0.861786864886562,0.930127516278466,0.923746698827796,0.946557402293863,NA,NA
0.309,0.887135697775634,0.92820256965947,0.897892956844645,0.937945155611944,0.860651133487056,0.930219327374348,0.923267037067302,0.946372635603491,NA,NA
0.31,0.88583136897767,0.927746203253525,0.897297587242929,0.937696342563678,0.859506814456429,0.930323761316633,0.922783395158891,0.946193161237792,NA,NA
0.311,0.884509273788198,0.927295035805426,0.89669566908435,0.937450267001251,0.858353898908874,0.930440842284322,0.922295512406906,0.946019226361537,NA,NA
0.312,0.883169320469618,0.926849142108196,0.896087057684066,0.937207087968929,0.857192379692651,0.930570592722347,0.921803126245298,0.945851080009891,NA,NA
0.313,0.881811425432683,0.926408588806504,0.895471610210216,0.936966962658002,0.856022251236543,0.930713033495121,0.921305973415714,0.94568897191032,NA,NA
0.314,0.880435512772188,0.92597343486098,0.894849185944013,0.936730046146683,0.85484350940431,0.930868184032077,0.920803791110363,0.94553315133973,NA,NA
0.315,0.879041513800081,0.9255437320151,0.894219646528491,0.936496491151366,0.853656151357049,0.93103606246531,0.920296318072825,0.945383866023655,NA,NA
0.316,0.87762936658043,0.925119525260217,0.893582856204824,0.936266447790302,0.852460175423295,0.93121668575948,0.91978329564996,0.94524136108435,NA,NA
0.317,0.876199015470113,0.924700853294879,0.892938682035229,0.936040063360701,0.85125558097668,0.93141006983415,0.919264468788199,0.945105878044498,NA,NA
0.318,0.87475041066854,0.924287748975099,0.892286994111546,0.935817482130151,0.850042368320928,0.931616229678787,0.918739586967825,0.94497765389293,NA,NA
0.319,0.873283507779198,0.923880239752813,0.891627665748672,0.935598845143181,0.848820538581961,0.931835179460662,0.918208405069408,0.94485692021819,NA,NA
0.32,0.871798267385337,0.923478348100194,0.890960573662172,0.935384290043653,0.84759009360685,0.932066932625901,0.91767068416722,0.944743902415122,NA,NA
0.321,0.87029465464161,0.923082091918014,0.890285598129466,0.935173950913573,0.846351035869347,0.932311501993944,0.9171261922453,0.9446388189688,NA,NA
0.322,0.868772638883096,0.922691484926618,0.889602623134149,0.934967958128774,0.84510336838172,0.932568899845715,0.916574704832808,0.94454188081918,NA,NA
0.323,0.867232193252734,0.922306537038488,0.888911536493103,0.934766438231801,0.843847094612621,0.932839138005758,0.916016005556323,0.944453290808796,NA,NA
0.324,0.865673294347872,0.921927254711702,0.888212229966224,0.934569513822184,0.84258221841068,0.933122227918637,0.915449886607835,0.944373243214773,NA,NA
0.325,0.864095921886299,0.921553641283892,0.887504599348673,0.934377303464188,0.841308743933561,0.933418180719878,0.914876149128303,0.944301923365265,NA,NA
0.326,0.86250005839193,0.92118569728657,0.886788544545744,0.934189921611948,0.840026675582192,0.93372700730175,0.914294603507714,0.944239507339402,NA,NA
0.327,0.860885688900012,0.920823420739909,0.886063969630517,0.934007478551809,0.838736017939884,0.934048718374135,0.913705069603627,0.944186161748736,NA,NA
0.328,0.859252800681621,0.92046680742826,0.885330782884622,0.933830080361569,0.837436775716076,0.934383324520786,0.913107376881173,0.944142043597254,NA,NA
0.329,0.857601382986973,0.920115851156827,0.884588896822538,0.933657828886175,0.836128953694438,0.934730836251229,0.912501364478291,0.944107300216129,NA,NA
0.33,0.855931426807038,0.919770543990066,0.88383822819995,0.933490821729368,0.834812556685072,0.935091264048554,0.911886881200796,0.94408206926866,NA,NA
0.331,0.854242924652765,0.91943087647245,0.88307869800681,0.933329152260626,0.833487589480567,0.935464618413366,0.91126378545243,0.944066478820222,NA,NA
0.332,0.852535870351223,0.919096837832335,0.882310231445791,0.9331729096367,0.832154056815666,0.935850909904116,0.910631945105554,0.944060647467567,NA,NA
0.333,0.850810258857848,0.918768416169707,0.881532757896944,0.933022178836966,0.830811963330313,0.936250149174053,0.909991237318486,0.94406468452149,NA,NA
0.334,0.849066086084009,0.918445598628623,0.880746210869397,0.932877040711722,0.82946131353587,0.936662347005009,0.909341548305666,0.944078690236667,NA,NA
0.335,0.847303348739024,0.918128371555186,0.879950527941001,0.932737572042547,0.828102111784282,0.937087514338232,0.90868277306693,0.944102756082377,NA,NA
0.336,0.845522044185809,0.917816720641904,0.879145650686853,0.932603845613768,0.826734362240001,0.937525662302465,0.908014815082103,0.944136965047907,NA,NA
0.337,0.843722170309305,0.91751063105926,0.878331524597684,0.932475930294082,0.825358068854476,0.937976802239451,0.90733758597701,0.94418139197655,NA,NA
0.338,0.841903725396858,0.917210087575332,0.877508098989074,0.932353891127335,0.823973235343029,0.938440945727063,0.906651005166704,0.944236103922363,NA,NA
0.339,0.840066708029741,0.916915074664269,0.876675326902497,0.932237789431481,0.822579865163954,0.9389181046002,0.905954999481479,0.94430116052417,NA,NA
0.34,0.838211116985042,0.916625576604408,0.875833164999171,0.932127682904728,0.821177961499667,0.939408290969639,0.905249502780759,0.94437661439166,NA,NA
0.341,0.836336951147157,0.916341577566777,0.874981573447686,0.932023625737912,0.819767527239775,0.939911517238968,0.904534455559637,0.944462511498854,NA,NA
0.342,0.83444420942817,0.916063061694714,0.874120515806364,0.93192566873214,0.818348564965903,0.940427796119754,0.903809804552326,0.944558891580654,NA,NA
0.343,0.832532890696435,0.91579001317529,0.873249958901258,0.931833859420784,0.816921076938164,0.940957140645079,0.903075502336347,0.944665788528652,NA,NA
0.344,0.830602993712703,0.915522416303176,0.872369872700675,0.931748242194965,0.815485065083133,0.941499564181561,0.902331506940819,0.944783230782845,NA,NA
0.345,0.8286545170732,0.91526025553757,0.871480230187077,0.931668858431646,0.814040530983223,0.942055080439981,0.901577781461749,0.944911241716341,NA,NA
0.346,0.82668745915905,0.915003515552772,0.870581007227131,0.931595746623589,0.812587475867339,0.942623703484627,0.90081429368679,0.9450498400106,NA,NA
0.347,0.824701818091532,0.914752181282927,0.869672182440676,0.931528942510381,0.811125900602719,0.943205447741455,0.900041015731502,0.945199040019177,NA,NA
0.348,0.822697591692648,0.914506237961455,0.868753737069289,0.931468479209871,0.80965580568787,0.943800328005151,0.899257923688775,0.945358852118295,NA,NA
0.349,0.820674777450542,0.914265671155637,0.867825654845095,0.931414387349362,0.808177191246496,0.944408359445206,0.898464997292696,0.945529283042984,NA,NA
0.35,0.818633372489334,0.914030466796776,0.866887921860404,0.931366695195969,0.80669005702235,0.945029557611061,0.897662219597819,0.945710336207802,NA,NA
0.351,0.816573373542954,0.913800611206365,0.865940526438713,0.931325428785624,0.805194402374924,0.945663938436414,0.896849576674517,0.945902012011491,NA,NA
0.352,0.814494776932623,0.913576091118607,0.864983459007542,0.931290612050232,0.803690226275921,0.946311518242759,0.896027057320798,0.946104308125159,NA,NA
0.353,0.812397578547615,0.913356893699653,0.864016711973541,0.931262266942571,0.802177527306419,0.946972313742211,0.895194652790778,0.946317219763802,NA,NA
0.354,0.810281773828997,0.913143006563856,0.863040279600227,0.931240413558551,0.800656303654684,0.947646342039697,0.894352356539784,0.946540739941209,NA,NA
0.355,0.808147357756053,0.912934417787359,0.862054157888687,0.931225070256511,0.799126553114578,0.948333620634549,0.893500163985903,0.946774859708407,NA,NA
0.356,0.805994324835115,0.912731115919252,0.86105834446152,0.931216253773279,0.79758827308449,0.949034167421572,0.892638072287647,0.947019568375998,NA,NA
0.357,0.803822669090573,0.912533089990569,0.860052838450243,0.931213979336765,0.796041460566761,0.949748000691617,0.891766080137303,0.947274853720809,NA,NA
0.358,0.801632384057819,0.91234032952134,0.859037640386366,0.931218260774886,0.794486112167548,0.950475139131723,0.890884187569437,0.947540702177391,NA,NA
0.359,0.799423462777945,0.912152824525899,0.858012752096263,0.931229110620694,0.792922224097092,0.951215601824841,0.889992395783953,0.947817099014951,NA,NA
0.36,0.797195897793977,0.911970565516642,0.856978176599983,0.931246540213567,0.791349792170339,0.951969408249218,0.889090706983065,0.948104028500392,NA,NA
0.361,0.79494968114851,0.911793543506398,0.855933918014051,0.931270559796407,0.7897688118079,0.952736578277439,0.888179124221495,0.948401474048104,NA,NA
0.362,0.792684804382558,0.911621750009576,0.854879981458333,0.931301178608776,0.788179278037293,0.953517132175178,0.887257651269195,0.948709418357252,NA,NA
0.363,0.790401258535496,0.911455177042226,0.853816372966969,0.931338404975959,0.786581185494457,0.95431109059969,0.886326292485871,0.949027843537242,NA,NA
0.364,0.788099034145965,0.911293817121128,0.852743099403392,0.931382246393951,0.784974528425498,0.955118474598062,0.885385052706611,0.949356731222101,NA,NA
0.365,0.785778121253618,0.911137663262055,0.851660168379383,0.931432709610397,0.783359300688651,0.955939305605253,0.884433937137893,0.949696062674466,NA,NA
0.366,0.783438509401604,0.910986708977281,0.850567588178141,0.931489800701525,0.781735495756424,0.956773605441948,0.88347295126329,0.95004581887988,NA,NA
0.367,0.781080187639701,0.910840948272451,0.849465367681298,0.931553525145131,0.780103106717914,0.957621396312246,0.882502100758195,0.950405980632061,NA,NA
0.368,0.778703144528006,0.91070037564289,0.848353516299796,0.931623887889697,0.778462126281264,0.958482700801195,0.881521391412929,0.950776528609804,NA,NA
0.369,0.776307368141111,0.910564986069432,0.847232043908554,0.931700893419734,0.776812546776256,0.959357541872209,0.880530829063588,0.951157443446128,NA,NA
0.37,0.773892846072685,0.910434775013832,0.846100960784808,0.931784545817431,0.775154360157009,0.960245942864359,0.879530419530057,0.951548705790262,NA,NA
0.371,0.771459565440412,0.910309738413827,0.844960277550034,0.931874848820739,0.773487558004783,0.961147927489582,0.878520168560618,0.951950296363038,NA,NA
0.372,0.769007512891228,0.910189872677906,0.843810005115329,0.931971805877988,0.771812131530858,0.96206351982979,0.877500081782616,0.952362196006225,NA,NA
0.373,0.766536674606791,0.910075174679834,0.842650154630129,0.932075420199169,0.77012807157949,0.962992744333922,0.876470164658694,0.952784385726296,NA,NA
0.374,0.764047036309164,0.909965641752973,0.84148073743415,0.932185694803993,0.768435368630923,0.963935625814926,0.875430422448112,0.953216846733103,NA,NA
0.375,0.761538583266646,0.909861271684446,0.840301765012414,0.932302632566864,0.766734012804457,0.964892189446697,0.874380860172727,0.953659560473906,NA,NA
0.376,0.759011300299737,0.909762062709177,0.839113248953246,0.932426236258885,0.765023993861544,0.965862460760974,0.873321482587205,0.954112508663151,NA,NA
0.377,0.756465171787189,0.909668013503836,0.837915200909091,0.932556508587036,0.763305301208932,0.966846465644207,0.872252294153106,0.954575673308394,NA,NA
0.378,0.753900181672124,0.909579123180727,0.836707632560053,0.932693452230641,0.761577923901812,0.967844230334394,0.871173299016468,0.955049036732711,NA,NA
0.379,0.751316313468189,0.909495391281627,0.835490555579996,0.932837069875263,0.759841850647004,0.968855781417912,0.870084500988576,0.955532581593932,NA,NA
0.38,0.748713550265728,0.909416817771613,0.834263981605106,0.932987364244142,0.758097069806131,0.96988114582633,0.868985903529609,0.956026290900991,NA,NA
0.381,0.746091874737955,0.909343403032895,0.83302792220478,0.933144338127309,0.756343569398816,0.97092035083322,0.867877509734891,0.956530148027679,NA,NA
0.382,0.743451269147104,0.909275147858663,0.831782388854717,0.933307994408491,0.754581337105864,0.971973424050968,0.866759322323482,0.957044136724052,NA,NA
0.383,0.740791715350548,0.90921205344697,0.830527392912102,0.93347833608993,0.75281036027245,0.973040393427596,0.86563134362888,0.957568241125723,NA,NA
0.384,0.738113194806862,0.90915412139466,0.829262945592762,0.933655366315225,0.751030625911286,0.974121287243582,0.864493575591621,0.958102445761273,NA,NA
0.385,0.735415688581842,0.909101353691363,0.827989057950184,0.933839088390317,0.749242120705787,0.975216134108707,0.863346019753572,0.958646735557949,NA,NA
0.386,0.732699177354445,0.909053752713546,0.826705740856293,0.934029505802708,0.747444831013208,0.976324962958911,0.862188677253741,0.959201095845856,NA,NA
0.387,0.729963641422651,0.909011321218652,0.825413004983875,0.934226622239036,0.745638742867768,0.977447803053164,0.861021548825442,0.959765512360797,NA,NA
0.388,0.727209060709253,0.908974062339311,0.82411086079056,0.934430441601102,0.743823841983754,0.978584683970377,0.859844634794661,0.960339971245898,NA,NA
0.389,0.724435414767545,0.908941979577653,0.822799318504256,0.934640968020423,0.742000113758595,0.979735635606313,0.858657935079487,0.960924459052185,NA,NA
0.39,0.721642682786928,0.908915076799701,0.821478388109955,0.934858205871433,0.74016754327591,0.980900688170546,0.85746144919049,0.961518962738204,NA,NA
0.391,0.718830843598403,0.908893358229876,0.820148079337816,0.9350821597834,0.738326115308532,0.982079872183438,0.856255176231921,0.962123469668815,NA,NA
0.392,0.71599987567998,0.908876828445593,0.818808401652446,0.935312834651144,0.736475814321498,0.983273218473144,0.855039114903651,0.962737967613266,NA,NA
0.393,0.713149757161967,0.908865492371967,0.817459364243298,0.935550235644639,0.73461662447501,0.984480758172656,0.853813263503733,0.963362444742613,NA,NA
0.394,0.710280465832167,0.908859355276619,0.816100976016112,0.935794368217572,0.732748529627363,0.985702522716874,0.852577619931532,0.963996889626611,NA,NA
0.395,0.707391979140961,0.908858422764591,0.814733245585329,0.936045238114929,0.730871513337839,0.986938543839708,0.851332181691314,0.964641291230104,NA,NA
0.396,0.704484274206282,0.908862700773374,0.813356181267409,0.936302851379676,0.728985558869572,0.988188853571219,0.850076945896264,0.965295638909023,NA,NA
0.397,0.701557327818487,0.908872195568033,0.811969791074991,0.936567214358602,0.727090649192368,0.989453484234793,0.848811909272838,0.965959922406027,NA,NA
0.398,0.698611116445119,0.908886913736451,0.810574082711833,0.936838333707374,0.725186766985503,0.990732468444349,0.847537068165416,0.966634131845849,NA,NA
0.399,0.69564561623556,0.908906862184668,0.809169063568481,0.937116216394874,0.723273894640478,0.99202583910158,0.846252418541197,0.967318257730406,NA,NA
0.4,0.692660803025577,0.908932048132341,0.8077547407186,0.937400869706864,0.721352014263738,0.993333629393233,0.844957955995298,0.968012290933694,NA,NA
